{"initial_reset_timestamp": 1530782840.751369, "timestamps": [1530782844.930773], "episode_lengths": [125], "episode_rewards": [-125.0], "episode_types": ["t"]}