{"initial_reset_timestamp": 1530782761.351698, "timestamps": [1530782766.691241], "episode_lengths": [160], "episode_rewards": [-160.0], "episode_types": ["t"]}