{"initial_reset_timestamp": 1530782949.4611914, "timestamps": [1530782953.5456493], "episode_lengths": [122], "episode_rewards": [-122.0], "episode_types": ["t"]}