{"initial_reset_timestamp": 1530782714.2478883, "timestamps": [1530782719.522481], "episode_lengths": [158], "episode_rewards": [-158.0], "episode_types": ["t"]}