{"initial_reset_timestamp": 1530782875.3834944, "timestamps": [1530782879.5271196], "episode_lengths": [124], "episode_rewards": [-124.0], "episode_types": ["t"]}