{"initial_reset_timestamp": 1530783077.6264703, "timestamps": [1530783080.5251555], "episode_lengths": [87], "episode_rewards": [-87.0], "episode_types": ["t"]}