{"initial_reset_timestamp": 1530781755.8636894, "timestamps": [1530781761.5734978], "episode_lengths": [171], "episode_rewards": [-171.0], "episode_types": ["t"]}