{"initial_reset_timestamp": 1530782804.7522893, "timestamps": [1530782808.7168205], "episode_lengths": [118], "episode_rewards": [-118.0], "episode_types": ["t"]}