{"initial_reset_timestamp": 1530781590.253031, "timestamps": [1530781594.3262446], "episode_lengths": [122], "episode_rewards": [-122.0], "episode_types": ["t"]}