{"initial_reset_timestamp": 1530782084.416362, "timestamps": [1530782090.0749958], "episode_lengths": [169], "episode_rewards": [-169.0], "episode_types": ["t"]}