{"initial_reset_timestamp": 1530782984.4766932, "timestamps": [1530782988.1106265], "episode_lengths": [109], "episode_rewards": [-109.0], "episode_types": ["t"]}