{"initial_reset_timestamp": 1530781909.9081984, "timestamps": [1530781915.434604], "episode_lengths": [166], "episode_rewards": [-166.0], "episode_types": ["t"]}