{"initial_reset_timestamp": 1530782912.0474305, "timestamps": [1530782917.4122303], "episode_lengths": [161], "episode_rewards": [-161.0], "episode_types": ["t"]}