{"initial_reset_timestamp": 1530783018.4198534, "timestamps": [1530783022.609439], "episode_lengths": [125], "episode_rewards": [-125.0], "episode_types": ["t"]}